ProductName,Category,Brand,UnitPrice
Bird Cage,Kitchen & Dining,LuxeAura,114
Juicer,Sports & Recreation,EtherealEdge,351
Wi-Fi Extender,Electronics,EtherealEdge,778
Dehumidifier,Outdoor & Garden,EtherealEdge,960
Wi-Fi Extender,Arts & Crafts,LuxeAura,744
Coffee Maker,Pets,ZenithStyle,744
Showerhead,Arts & Crafts,EtherealEdge,285
Volleyball,Toys & Games,ZenithStyle,904
Drone,Pets,UrbanGlow,774
Pet Toy,Home Appliances,EtherealEdge,665
Grill,Pets,UrbanGlow,724
Monitor,Electronics,ZenithStyle,355
Golf Clubs,Toys & Games,UrbanGlow,564
Sewing Machine,Kitchen & Dining,UrbanGlow,1000
Dog Collar,Sports & Recreation,LuxeAura,575
3D Printer,Sports & Recreation,EtherealEdge,601
Snowboard,Kitchen & Dining,ZenithStyle,959
Bicycle,Arts & Crafts,UrbanGlow,377
Garden Tools,Health & Fitness,UrbanGlow,119
Tackle Box,Electronics,VelvetVista,672
Cat Tree,Electronics,LuxeAura,108
Thermos,Home Appliances,LuxeAura,909
Patio Furniture,Home Appliances,LuxeAura,352
Water Filter,Toys & Games,VelvetVista,585
Tablet,Home Appliances,VelvetVista,597
Humidifier,Health & Fitness,EtherealEdge,629
Sleeping Bag,Pets,ZenithStyle,748
Lamp,Pets,LuxeAura,303
Pillow,Arts & Crafts,ZenithStyle,786
Microwave,Kitchen & Dining,ZenithStyle,876
Golf Clubs,Electronics,UrbanGlow,584
Snowboard,Toys & Games,VelvetVista,152
Toothpaste,Health & Fitness,VelvetVista,517
Outdoor Umbrella,Toys & Games,EtherealEdge,963
Hiking Boots,Kitchen & Dining,ZenithStyle,633
Portable Charger,Outdoor & Garden,UrbanGlow,233
Bird Feeder,Pets,EtherealEdge,199
Trekking Poles,Electronics,ZenithStyle,825
Treadmill,Electronics,EtherealEdge,747
Humidifier,Outdoor & Garden,EtherealEdge,290
Yoga Mat,Pets,UrbanGlow,211
Binoculars,Home & Furniture,UrbanGlow,531
VR Headset,Arts & Crafts,EtherealEdge,897
Refrigerator,Electronics,VelvetVista,893
Badminton Set,Electronics,EtherealEdge,559
Snow Shovel,Outdoor & Garden,UrbanGlow,189
Sleeping Bag,Outdoor & Garden,UrbanGlow,971
Snowboard,Outdoor & Garden,LuxeAura,139
Portable Charger,Health & Fitness,ZenithStyle,518
Puzzle,Home & Furniture,VelvetVista,608
Hiking Backpack,Kitchen & Dining,LuxeAura,109
Monitor,Pets,UrbanGlow,392
Oven,Home & Furniture,UrbanGlow,102
Cat Litter Box,Electronics,VelvetVista,752
Plant Pot,Home Appliances,EtherealEdge,203
Lawn Mower,Health & Fitness,ZenithStyle,373
Paddleboard,Outdoor & Garden,UrbanGlow,921
Treadmill,Sports & Recreation,UrbanGlow,344
Cooler,Arts & Crafts,ZenithStyle,603
Dehumidifier,Toys & Games,ZenithStyle,741
Garden Tools,Electronics,LuxeAura,757
Camera,Arts & Crafts,VelvetVista,565
Ice Skates,Toys & Games,UrbanGlow,199
Jacket,Pets,ZenithStyle,773
Lawn Sprinkler,Kitchen & Dining,LuxeAura,520
Surfboard,Outdoor & Garden,UrbanGlow,320
Outdoor Umbrella,Arts & Crafts,UrbanGlow,951
Building Blocks,Health & Fitness,EtherealEdge,532
Cat Litter Box,Pets,EtherealEdge,610
Cat Litter Box,Kitchen & Dining,LuxeAura,890
Headphones,Kitchen & Dining,VelvetVista,364
Glasses,Kitchen & Dining,LuxeAura,630
Speaker,Electronics,ZenithStyle,390
Flashlight,Electronics,LuxeAura,322
Surfboard,Kitchen & Dining,VelvetVista,928
Dog Leash,Health & Fitness,LuxeAura,802
Smart Doorbell,Outdoor & Garden,LuxeAura,318
Snorkel Gear,Kitchen & Dining,EtherealEdge,613
Golf Clubs,Health & Fitness,VelvetVista,377
Vacuum Cleaner,Kitchen & Dining,LuxeAura,756
Hair Dryer,Kitchen & Dining,ZenithStyle,434
Sleeping Bag,Toys & Games,UrbanGlow,255
Fitness Tracker,Kitchen & Dining,EtherealEdge,775
Elliptical,Toys & Games,EtherealEdge,746
Toothpaste,Home & Furniture,VelvetVista,147
Dumbbells,Electronics,LuxeAura,992
VR Headset,Home & Furniture,EtherealEdge,181
Smartphone,Health & Fitness,VelvetVista,363
Suitcase,Home Appliances,EtherealEdge,833
Water Filter,Sports & Recreation,VelvetVista,944
Portable Hard Drive,Toys & Games,EtherealEdge,968
Smart Doorbell,Kitchen & Dining,LuxeAura,574
Rain Jacket,Pets,VelvetVista,723
Fish Food,Sports & Recreation,ZenithStyle,678
Craft Kit,Arts & Crafts,LuxeAura,882
Thermos,Arts & Crafts,UrbanGlow,251
Electric Kettle,Toys & Games,EtherealEdge,329
Robot Vacuum,Arts & Crafts,LuxeAura,852
Bird Cage,Pets,VelvetVista,406
Projector,Health & Fitness,UrbanGlow,412
Cat Litter Box,Pets,UrbanGlow,247
Laptop,Outdoor & Garden,LuxeAura,453
Vacuum Cleaner,Outdoor & Garden,UrbanGlow,589
Juicer,Kitchen & Dining,ZenithStyle,304
Ski Poles,Electronics,VelvetVista,890
Humidifier,Toys & Games,LuxeAura,131
Ice Skates,Home & Furniture,EtherealEdge,190
Bluetooth Speaker,Outdoor & Garden,UrbanGlow,332
Ping Pong Table,Kitchen & Dining,ZenithStyle,410
Snorkel Gear,Electronics,VelvetVista,163
Cooler,Sports & Recreation,UrbanGlow,120
Hair Dryer,Arts & Crafts,ZenithStyle,819
Bird Cage,Electronics,VelvetVista,144
Blender,Health & Fitness,ZenithStyle,897
Laser Printer,Health & Fitness,UrbanGlow,554
Sheets,Health & Fitness,ZenithStyle,561
Portable Hard Drive,Electronics,EtherealEdge,742
Thermos,Kitchen & Dining,ZenithStyle,324
Patio Furniture,Sports & Recreation,VelvetVista,653
Air Conditioner,Outdoor & Garden,LuxeAura,379
Stove,Pets,EtherealEdge,290
Garden Tools,Home Appliances,UrbanGlow,110
Electric Toothbrush,Outdoor & Garden,UrbanGlow,533
Antivirus,Home & Furniture,ZenithStyle,345
Tablet,Health & Fitness,UrbanGlow,654
Rain Jacket,Outdoor & Garden,LuxeAura,760
Fish Food,Arts & Crafts,ZenithStyle,973
Sleeping Bag,Home Appliances,LuxeAura,587
Water Bottle,Arts & Crafts,LuxeAura,300
Memory Card,Pets,EtherealEdge,603
Puzzle,Outdoor & Garden,ZenithStyle,505
Juicer,Health & Fitness,EtherealEdge,277
Fitness Tracker,Outdoor & Garden,LuxeAura,957
Laptop,Kitchen & Dining,VelvetVista,353
Hiking Backpack,Home & Furniture,ZenithStyle,246
Doll,Health & Fitness,ZenithStyle,930
Mattress,Outdoor & Garden,EtherealEdge,756
Drone,Outdoor & Garden,LuxeAura,314
Sled,Electronics,VelvetVista,232
Tennis Racket,Health & Fitness,EtherealEdge,441
Hammock,Kitchen & Dining,LuxeAura,364
Backpack,Toys & Games,UrbanGlow,556
Dog Collar,Pets,EtherealEdge,603
Portable Hard Drive,Toys & Games,VelvetVista,938
Vacuum Cleaner,Arts & Crafts,ZenithStyle,716
Doll,Outdoor & Garden,LuxeAura,500
3D Printer,Home & Furniture,EtherealEdge,267
Bird Cage,Home Appliances,UrbanGlow,621
Bed,Toys & Games,ZenithStyle,613
Electric Car,Arts & Crafts,UrbanGlow,204
Hammock,Home Appliances,EtherealEdge,251
Hiking Backpack,Toys & Games,VelvetVista,450
Backpack,Sports & Recreation,UrbanGlow,730
Dart Board,Home & Furniture,EtherealEdge,336
BBQ Grill,Kitchen & Dining,EtherealEdge,571
Refrigerator,Pets,UrbanGlow,382
Golf Clubs,Toys & Games,UrbanGlow,544
Camera,Toys & Games,EtherealEdge,189
Air Purifier,Home Appliances,LuxeAura,529
Lawn Mower,Pets,UrbanGlow,918
Bed,Electronics,LuxeAura,544
Puzzle,Pets,ZenithStyle,611
Wetsuit,Sports & Recreation,ZenithStyle,671
Dog House,Electronics,UrbanGlow,272
Golf Clubs,Electronics,UrbanGlow,377
Robot Vacuum,Toys & Games,LuxeAura,505
Hair Dryer,Toys & Games,UrbanGlow,401
Grill,Home & Furniture,EtherealEdge,104
Plant Pot,Arts & Crafts,EtherealEdge,638
Air Conditioner,Kitchen & Dining,EtherealEdge,654
Portable Charger,Pets,ZenithStyle,733
Toy Car,Electronics,EtherealEdge,170
Treadmill,Electronics,EtherealEdge,589
Sled,Home & Furniture,VelvetVista,679
Refrigerator,Kitchen & Dining,ZenithStyle,223
Hammock,Home & Furniture,VelvetVista,214
Tackle Box,Home Appliances,VelvetVista,448
Paddleboard,Kitchen & Dining,EtherealEdge,838
Wetsuit,Kitchen & Dining,VelvetVista,841
VR Headset,Electronics,EtherealEdge,289
Lawn Sprinkler,Kitchen & Dining,ZenithStyle,887
Bicycle,Home Appliances,VelvetVista,350
Juicer,Arts & Crafts,VelvetVista,406
Bird Cage,Electronics,EtherealEdge,280
Camping Tent,Home Appliances,LuxeAura,338
Pet Carrier,Kitchen & Dining,ZenithStyle,864
Electric Shaver,Outdoor & Garden,UrbanGlow,430
Snow Shovel,Electronics,EtherealEdge,853
Action Figure,Home Appliances,UrbanGlow,972
Showerhead,Outdoor & Garden,EtherealEdge,655
Headphones,Pets,EtherealEdge,156
Dog Leash,Pets,VelvetVista,917
Tarp,Arts & Crafts,UrbanGlow,997
Basketball,Outdoor & Garden,ZenithStyle,634
Laptop,Electronics,VelvetVista,728
Doll,Home & Furniture,LuxeAura,183
Fitness Tracker,Health & Fitness,UrbanGlow,314
Oven,Electronics,LuxeAura,359
Rain Jacket,Health & Fitness,ZenithStyle,233
Humidifier,Home & Furniture,UrbanGlow,696
Telescope,Pets,EtherealEdge,400
Treadmill,Home & Furniture,VelvetVista,900
Dehumidifier,Outdoor & Garden,UrbanGlow,866
Baseball Glove,Electronics,UrbanGlow,737
Tennis Racket,Electronics,VelvetVista,449
Plant Pot,Outdoor & Garden,VelvetVista,967
Lawn Mower,Sports & Recreation,UrbanGlow,888
Art Supplies,Outdoor & Garden,VelvetVista,729
Paddleboard,Toys & Games,ZenithStyle,853
Plant Pot,Home Appliances,ZenithStyle,534
Stove,Home & Furniture,UrbanGlow,965
Sewing Machine,Health & Fitness,UrbanGlow,757
3D Printer,Sports & Recreation,ZenithStyle,984
Keyboard,Toys & Games,EtherealEdge,815
Basketball,Pets,ZenithStyle,224
Tennis Racket,Sports & Recreation,ZenithStyle,299
Building Blocks,Health & Fitness,VelvetVista,130
Camera,Health & Fitness,ZenithStyle,794
Life Jacket,Arts & Crafts,UrbanGlow,578
Glasses,Arts & Crafts,ZenithStyle,885
Router,Pets,EtherealEdge,913
Tackle Box,Health & Fitness,VelvetVista,580
Bluetooth Speaker,Home Appliances,EtherealEdge,763
Smart Thermostat,Outdoor & Garden,VelvetVista,954
Suitcase,Electronics,LuxeAura,990
Hiking Boots,Pets,LuxeAura,381
Jacket,Outdoor & Garden,VelvetVista,414
Garden Tools,Pets,UrbanGlow,202
Art Supplies,Kitchen & Dining,LuxeAura,394
Pet Bed,Pets,ZenithStyle,443
Power Bank,Electronics,VelvetVista,777
Sewing Machine,Health & Fitness,ZenithStyle,163
Monitor,Kitchen & Dining,EtherealEdge,926
Showerhead,Pets,ZenithStyle,889
Supplement,Kitchen & Dining,UrbanGlow,162
VR Headset,Kitchen & Dining,ZenithStyle,546
Stove,Home Appliances,EtherealEdge,860
Smartphone,Home Appliances,LuxeAura,152
Fish Food,Home Appliances,EtherealEdge,507
Pet Bed,Toys & Games,UrbanGlow,987
Dog Collar,Home Appliances,EtherealEdge,470
Bicycle,Home Appliances,UrbanGlow,742
Robot Vacuum,Home Appliances,EtherealEdge,101
Craft Kit,Arts & Crafts,VelvetVista,476
Electric Toothbrush,Electronics,ZenithStyle,590
Robot Vacuum,Pets,ZenithStyle,841
Bicycle,Sports & Recreation,EtherealEdge,374
Board Game,Health & Fitness,UrbanGlow,847
Dishwasher,Arts & Crafts,ZenithStyle,333
Headphones,Home Appliances,LuxeAura,846
Lawn Sprinkler,Arts & Crafts,ZenithStyle,679
Toy Car,Outdoor & Garden,VelvetVista,597
Rain Jacket,Sports & Recreation,LuxeAura,313
Fish Food,Arts & Crafts,UrbanGlow,744
Wetsuit,Pets,ZenithStyle,709
Ping Pong Table,Electronics,UrbanGlow,201
Basketball,Kitchen & Dining,ZenithStyle,844
Hiking Boots,Home & Furniture,LuxeAura,127
Fan,Toys & Games,ZenithStyle,130
Water Filter,Arts & Crafts,ZenithStyle,142
Patio Furniture,Electronics,VelvetVista,893
Baseball Glove,Home & Furniture,EtherealEdge,983
Bird Cage,Pets,UrbanGlow,910
Snow Shovel,Outdoor & Garden,VelvetVista,975
Hiking Boots,Home & Furniture,UrbanGlow,436
Electric Kettle,Kitchen & Dining,LuxeAura,475
Washing Machine,Kitchen & Dining,UrbanGlow,428
Lawn Sprinkler,Toys & Games,EtherealEdge,818
Badminton Set,Arts & Crafts,UrbanGlow,217
Hair Dryer,Toys & Games,UrbanGlow,758
Fan,Health & Fitness,VelvetVista,543
Laser Printer,Health & Fitness,LuxeAura,582
Helmet,Sports & Recreation,LuxeAura,196
Camping Chair,Home Appliances,ZenithStyle,944
Snow Shovel,Sports & Recreation,VelvetVista,615
Antivirus,Health & Fitness,VelvetVista,301
VR Headset,Pets,VelvetVista,699
Drone,Kitchen & Dining,EtherealEdge,515
Outdoor Umbrella,Health & Fitness,UrbanGlow,110
Lamp,Arts & Crafts,VelvetVista,888
Water Bottle,Outdoor & Garden,LuxeAura,918
Pillow,Health & Fitness,EtherealEdge,625
Hair Dryer,Arts & Crafts,ZenithStyle,225
Robot Vacuum,Toys & Games,ZenithStyle,435
Bluetooth Speaker,Arts & Crafts,EtherealEdge,824
Electric Toothbrush,Toys & Games,UrbanGlow,204
Hammock,Home & Furniture,LuxeAura,444
Dog Leash,Toys & Games,VelvetVista,735
Camping Tent,Kitchen & Dining,EtherealEdge,845
Cat Tree,Arts & Crafts,LuxeAura,159
Pet Carrier,Electronics,EtherealEdge,584
Speaker,Home Appliances,EtherealEdge,552
Pet Bed,Electronics,ZenithStyle,779
Action Figure,Electronics,VelvetVista,262
Washing Machine,Electronics,EtherealEdge,524
Camera,Kitchen & Dining,EtherealEdge,572
Pet Toy,Kitchen & Dining,EtherealEdge,166
Outdoor Umbrella,Outdoor & Garden,UrbanGlow,837
Telescope,Electronics,VelvetVista,766
Paddleboard,Arts & Crafts,LuxeAura,524
Action Figure,Pets,UrbanGlow,741
Tennis Racket,Arts & Crafts,VelvetVista,147
Antivirus,Toys & Games,ZenithStyle,987
Keyboard,Kitchen & Dining,EtherealEdge,438
Garden Tools,Arts & Crafts,ZenithStyle,736
Fitness Tracker,Sports & Recreation,VelvetVista,326
Cat Litter Box,Arts & Crafts,VelvetVista,671
Tent,Kitchen & Dining,VelvetVista,990
VR Headset,Toys & Games,LuxeAura,877
Supplement,Kitchen & Dining,ZenithStyle,377
Blender,Home & Furniture,VelvetVista,174
Monitor,Home & Furniture,ZenithStyle,231
Dog Leash,Electronics,VelvetVista,507
Grill,Arts & Crafts,UrbanGlow,901
Thermos,Kitchen & Dining,EtherealEdge,660
VR Headset,Electronics,ZenithStyle,650
Projector,Electronics,VelvetVista,280
Snow Shovel,Home Appliances,UrbanGlow,965
Projector,Toys & Games,VelvetVista,118
Fan,Kitchen & Dining,EtherealEdge,410
Sheets,Sports & Recreation,ZenithStyle,736
Craft Kit,Pets,UrbanGlow,139
Jacket,Home Appliances,ZenithStyle,785
Fishing Rod,Health & Fitness,EtherealEdge,145
Hair Dryer,Sports & Recreation,VelvetVista,196
Fan,Outdoor & Garden,UrbanGlow,467
Rain Jacket,Electronics,ZenithStyle,357
Patio Furniture,Health & Fitness,UrbanGlow,266
Dart Board,Outdoor & Garden,LuxeAura,548
Bed,Electronics,UrbanGlow,241
Headphones,Sports & Recreation,VelvetVista,152
Fire Pit,Toys & Games,LuxeAura,324
Drone,Pets,LuxeAura,268
Lawn Sprinkler,Home & Furniture,VelvetVista,383
Sleeping Pad,Outdoor & Garden,ZenithStyle,755
Projector,Pets,LuxeAura,157
Surfboard,Sports & Recreation,LuxeAura,704
Doll,Kitchen & Dining,LuxeAura,356
Badminton Set,Home Appliances,VelvetVista,576
Smartwatch,Kitchen & Dining,UrbanGlow,383
Smartphone,Electronics,VelvetVista,694
Blender,Outdoor & Garden,VelvetVista,248
Snow Shovel,Pets,ZenithStyle,115
Bird Feeder,Home Appliances,EtherealEdge,980
Game Console,Electronics,ZenithStyle,413
Printer,Electronics,UrbanGlow,269
Camping Tent,Outdoor & Garden,LuxeAura,825
Drone,Home & Furniture,EtherealEdge,302
Sleeping Bag,Health & Fitness,EtherealEdge,764
Sleeping Bag,Arts & Crafts,ZenithStyle,898
Laptop,Sports & Recreation,VelvetVista,898
Treadmill,Pets,EtherealEdge,930
Elliptical,Toys & Games,EtherealEdge,857
Keyboard,Home & Furniture,EtherealEdge,402
3D Printer,Electronics,VelvetVista,277
Ski Goggles,Health & Fitness,EtherealEdge,981
Hiking Boots,Arts & Crafts,UrbanGlow,877
Jacket,Outdoor & Garden,LuxeAura,691
Dumbbells,Outdoor & Garden,VelvetVista,520
Blender,Pets,UrbanGlow,167
Helmet,Health & Fitness,ZenithStyle,442
Elliptical,Electronics,EtherealEdge,761
Thermos,Outdoor & Garden,UrbanGlow,882
Humidifier,Health & Fitness,LuxeAura,432
Helmet,Arts & Crafts,UrbanGlow,670
Treadmill,Pets,LuxeAura,670
Helmet,Home & Furniture,VelvetVista,223
Humidifier,Sports & Recreation,VelvetVista,439
Juicer,Pets,VelvetVista,370
Water Filter,Sports & Recreation,UrbanGlow,197
VR Headset,Home & Furniture,VelvetVista,790
Blender,Sports & Recreation,EtherealEdge,775
Showerhead,Kitchen & Dining,UrbanGlow,638
Fire Pit,Electronics,UrbanGlow,891
Juicer,Arts & Crafts,ZenithStyle,732
Soap,Toys & Games,LuxeAura,691
Water Bottle,Toys & Games,UrbanGlow,728
Electric Shaver,Arts & Crafts,VelvetVista,366
Printer,Health & Fitness,UrbanGlow,730
Tennis Racket,Pets,UrbanGlow,365
Showerhead,Pets,ZenithStyle,313
Ski Goggles,Home & Furniture,UrbanGlow,745
Garden Tools,Electronics,ZenithStyle,630
Fishing Rod,Health & Fitness,EtherealEdge,780
Ping Pong Table,Kitchen & Dining,UrbanGlow,604
Home Security Camera,Kitchen & Dining,UrbanGlow,427
Air Purifier,Home & Furniture,LuxeAura,306
Air Conditioner,Home Appliances,LuxeAura,693
Smartphone,Home & Furniture,UrbanGlow,988
Ice Skates,Kitchen & Dining,ZenithStyle,569
Camping Chair,Pets,LuxeAura,133
Action Figure,Outdoor & Garden,ZenithStyle,825
Pillow,Arts & Crafts,UrbanGlow,556
Garden Hose,Health & Fitness,LuxeAura,933
Sled,Sports & Recreation,LuxeAura,253
Bluetooth Speaker,Home Appliances,EtherealEdge,173
Dart Board,Health & Fitness,EtherealEdge,220
Camping Tent,Electronics,ZenithStyle,177
Lamp,Health & Fitness,ZenithStyle,850
Lawn Sprinkler,Home & Furniture,EtherealEdge,797
Humidifier,Arts & Crafts,VelvetVista,848
Thermos,Kitchen & Dining,LuxeAura,714
Plant Pot,Outdoor & Garden,LuxeAura,164
Badminton Set,Health & Fitness,EtherealEdge,389
Air Conditioner,Toys & Games,LuxeAura,105
Dishwasher,Home & Furniture,ZenithStyle,569
Mattress,Sports & Recreation,LuxeAura,213
Home Security Camera,Kitchen & Dining,EtherealEdge,334
Fire Pit,Sports & Recreation,UrbanGlow,266
Yoga Mat,Kitchen & Dining,VelvetVista,125
Bicycle,Pets,EtherealEdge,849
3D Printer,Health & Fitness,EtherealEdge,418
Bicycle,Toys & Games,UrbanGlow,998
Tarp,Home Appliances,EtherealEdge,982
Supplement,Health & Fitness,VelvetVista,519
Smart Light,Electronics,ZenithStyle,279
Badminton Set,Toys & Games,LuxeAura,680
Tennis Racket,Toys & Games,ZenithStyle,976
Projector,Outdoor & Garden,LuxeAura,812
Camping Tent,Outdoor & Garden,LuxeAura,107
Smartwatch,Electronics,VelvetVista,883
Dog Leash,Pets,UrbanGlow,587
Badminton Set,Arts & Crafts,EtherealEdge,645
Sheets,Home & Furniture,EtherealEdge,196
Earbuds,Arts & Crafts,VelvetVista,541
Dog Leash,Arts & Crafts,UrbanGlow,201
Earbuds,Sports & Recreation,UrbanGlow,298
Wetsuit,Pets,UrbanGlow,904
Tennis Racket,Sports & Recreation,EtherealEdge,808
Hiking Boots,Home & Furniture,EtherealEdge,355
Hiking Boots,Kitchen & Dining,UrbanGlow,771
Craft Kit,Health & Fitness,ZenithStyle,399
Lawn Mower,Pets,UrbanGlow,598
Smart Light,Pets,ZenithStyle,700
Rain Jacket,Home & Furniture,EtherealEdge,266
Laser Printer,Pets,ZenithStyle,392
Dumbbells,Sports & Recreation,VelvetVista,802
Bluetooth Speaker,Home & Furniture,LuxeAura,505
Garden Hose,Toys & Games,VelvetVista,498
Antivirus,Home & Furniture,VelvetVista,149
Puzzle,Home Appliances,LuxeAura,864
Mattress,Health & Fitness,LuxeAura,969
Blender,Electronics,UrbanGlow,599
Laptop,Electronics,VelvetVista,362
Glasses,Pets,UrbanGlow,837
Portable Charger,Health & Fitness,EtherealEdge,553
Dehumidifier,Health & Fitness,UrbanGlow,735
Camping Tent,Home & Furniture,ZenithStyle,675
Stove,Toys & Games,EtherealEdge,408
Hiking Backpack,Kitchen & Dining,ZenithStyle,490
Electric Scooter,Home & Furniture,UrbanGlow,658
3D Printer,Pets,EtherealEdge,407
Life Jacket,Outdoor & Garden,UrbanGlow,809
VR Headset,Outdoor & Garden,EtherealEdge,422
BBQ Grill,Toys & Games,EtherealEdge,235
Sheets,Sports & Recreation,LuxeAura,773
Jacket,Outdoor & Garden,VelvetVista,743
Ski Poles,Home & Furniture,UrbanGlow,563
Flashlight,Toys & Games,LuxeAura,303
Sleeping Bag,Home Appliances,ZenithStyle,865
BBQ Grill,Sports & Recreation,VelvetVista,754
Pet Feeder,Home Appliances,UrbanGlow,158
Art Supplies,Home & Furniture,LuxeAura,851
Robot Vacuum,Pets,LuxeAura,719
Bird Feeder,Home Appliances,LuxeAura,493
Home Security Camera,Pets,ZenithStyle,563
Dog Collar,Home & Furniture,VelvetVista,633
Ping Pong Table,Home & Furniture,EtherealEdge,458
Smartwatch,Electronics,ZenithStyle,243
Cat Tree,Pets,EtherealEdge,218
Tablet,Health & Fitness,LuxeAura,172
Craft Kit,Electronics,LuxeAura,781
Lawn Sprinkler,Home & Furniture,UrbanGlow,325
Bird Feeder,Toys & Games,ZenithStyle,560
Hiking Boots,Outdoor & Garden,EtherealEdge,741
Oven,Outdoor & Garden,VelvetVista,304
Refrigerator,Pets,ZenithStyle,428
Ski Poles,Toys & Games,UrbanGlow,764
Oven,Outdoor & Garden,LuxeAura,422
Tent,Home & Furniture,ZenithStyle,462
Electric Toothbrush,Sports & Recreation,ZenithStyle,336
Ping Pong Table,Pets,LuxeAura,642
Snowboard,Pets,VelvetVista,922
Ski Poles,Toys & Games,LuxeAura,249
Juicer,Outdoor & Garden,UrbanGlow,274
Soccer Ball,Sports & Recreation,ZenithStyle,251
Stove,Outdoor & Garden,LuxeAura,831
Toothpaste,Outdoor & Garden,VelvetVista,250
Helmet,Toys & Games,VelvetVista,794
Dart Board,Health & Fitness,UrbanGlow,516
Toothpaste,Health & Fitness,VelvetVista,114
Portable Charger,Sports & Recreation,EtherealEdge,324
Smart Light,Arts & Crafts,UrbanGlow,266
Dog Collar,Home & Furniture,ZenithStyle,475
Electric Scooter,Home Appliances,VelvetVista,842
Lamp,Kitchen & Dining,VelvetVista,753
Trekking Poles,Health & Fitness,LuxeAura,142
Pet Bed,Health & Fitness,EtherealEdge,979
Tablet,Kitchen & Dining,LuxeAura,780
Coffee Maker,Toys & Games,VelvetVista,989
Dumbbells,Sports & Recreation,UrbanGlow,111
Hammock,Health & Fitness,LuxeAura,510
Soccer Ball,Health & Fitness,EtherealEdge,107
Air Conditioner,Sports & Recreation,LuxeAura,205
Toothpaste,Electronics,LuxeAura,225
Camping Chair,Sports & Recreation,UrbanGlow,657
Electric Scooter,Pets,VelvetVista,557
Cat Litter Box,Outdoor & Garden,LuxeAura,325
Water Filter,Toys & Games,UrbanGlow,825
Juicer,Arts & Crafts,UrbanGlow,235
Fishing Rod,Sports & Recreation,LuxeAura,617
Plant Pot,Toys & Games,EtherealEdge,618
Microwave,Home & Furniture,ZenithStyle,421
Sewing Machine,Home & Furniture,LuxeAura,206
Camping Chair,Health & Fitness,ZenithStyle,905
Portable Hard Drive,Arts & Crafts,EtherealEdge,223
Vacuum Cleaner,Home Appliances,ZenithStyle,859
Laptop,Health & Fitness,LuxeAura,291
Toothpaste,Health & Fitness,UrbanGlow,584
Surfboard,Toys & Games,ZenithStyle,257
Electric Shaver,Outdoor & Garden,ZenithStyle,796
Home Security Camera,Pets,VelvetVista,647
External SSD,Kitchen & Dining,LuxeAura,523
Pillow,Kitchen & Dining,VelvetVista,304
Oven,Home Appliances,LuxeAura,235
Glasses,Home & Furniture,VelvetVista,493
Bluetooth Speaker,Home & Furniture,UrbanGlow,965
Camera,Pets,VelvetVista,107
Ski Goggles,Kitchen & Dining,LuxeAura,433
Fish Food,Home & Furniture,LuxeAura,637
Cat Tree,Outdoor & Garden,ZenithStyle,102
Toothpaste,Home & Furniture,UrbanGlow,269
Golf Clubs,Outdoor & Garden,EtherealEdge,766
Patio Furniture,Kitchen & Dining,ZenithStyle,745
Electric Toothbrush,Health & Fitness,LuxeAura,436
Toy Car,Electronics,LuxeAura,551
Backpacking Stove,Pets,VelvetVista,264
Hair Dryer,Electronics,UrbanGlow,980
Tennis Racket,Home Appliances,LuxeAura,918
Life Jacket,Home Appliances,LuxeAura,161
Coffee Maker,Pets,VelvetVista,442
Telescope,Outdoor & Garden,LuxeAura,434
Doll,Arts & Crafts,EtherealEdge,182
Dehumidifier,Arts & Crafts,LuxeAura,138
Laptop,Toys & Games,EtherealEdge,580
Life Jacket,Toys & Games,ZenithStyle,229
Laptop,Kitchen & Dining,VelvetVista,244
Baseball Glove,Outdoor & Garden,ZenithStyle,933
Camping Chair,Toys & Games,ZenithStyle,754
Golf Clubs,Toys & Games,VelvetVista,428
Dog Leash,Pets,LuxeAura,268
Smart Doorbell,Arts & Crafts,UrbanGlow,711
Volleyball,Electronics,ZenithStyle,461
Power Bank,Sports & Recreation,EtherealEdge,129
Sled,Kitchen & Dining,VelvetVista,523
Garden Hose,Sports & Recreation,EtherealEdge,478
Camping Chair,Sports & Recreation,VelvetVista,590
Sleeping Pad,Sports & Recreation,EtherealEdge,420
Smart Doorbell,Outdoor & Garden,LuxeAura,364
Electric Scooter,Home & Furniture,VelvetVista,402
Backpacking Stove,Kitchen & Dining,ZenithStyle,976
Portable Charger,Toys & Games,LuxeAura,532
Craft Kit,Toys & Games,LuxeAura,352
Plant Pot,Outdoor & Garden,ZenithStyle,806
Robot Vacuum,Home & Furniture,UrbanGlow,499
Cooler,Home Appliances,VelvetVista,506
Stove,Sports & Recreation,EtherealEdge,602
Game Console,Toys & Games,ZenithStyle,762
Electric Kettle,Home Appliances,EtherealEdge,699
Wi-Fi Extender,Outdoor & Garden,VelvetVista,574
Electric Shaver,Arts & Crafts,EtherealEdge,305
Dishwasher,Toys & Games,UrbanGlow,271
Surfboard,Health & Fitness,UrbanGlow,466
Ski Poles,Health & Fitness,LuxeAura,579
Golf Clubs,Arts & Crafts,EtherealEdge,575
VR Headset,Sports & Recreation,ZenithStyle,803
3D Printer,Pets,VelvetVista,319
Toothpaste,Health & Fitness,LuxeAura,600
Hair Dryer,Health & Fitness,EtherealEdge,745
Blender,Electronics,VelvetVista,303
Mattress,Toys & Games,LuxeAura,940
Memory Card,Health & Fitness,UrbanGlow,197
Soap,Kitchen & Dining,LuxeAura,870
Snowboard,Home Appliances,ZenithStyle,294
Robot Vacuum,Pets,ZenithStyle,964
Elliptical,Outdoor & Garden,LuxeAura,757
Earbuds,Pets,UrbanGlow,886
Art Supplies,Pets,LuxeAura,663
Tennis Racket,Toys & Games,UrbanGlow,598
Water Filter,Arts & Crafts,VelvetVista,275
Golf Clubs,Arts & Crafts,EtherealEdge,500
Kayak,Outdoor & Garden,LuxeAura,960
Camera,Toys & Games,VelvetVista,105
Snowboard,Home Appliances,LuxeAura,983
Doll,Outdoor & Garden,VelvetVista,359
Camping Tent,Toys & Games,LuxeAura,503
Lawn Sprinkler,Home & Furniture,VelvetVista,781
Puzzle,Electronics,EtherealEdge,686
Building Blocks,Health & Fitness,VelvetVista,342
Ice Skates,Outdoor & Garden,LuxeAura,795
Smart Light,Toys & Games,EtherealEdge,254
Ski Goggles,Pets,LuxeAura,938
Juicer,Arts & Crafts,UrbanGlow,222
Pet Carrier,Pets,EtherealEdge,521
Vacuum Cleaner,Home & Furniture,ZenithStyle,398
Showerhead,Sports & Recreation,UrbanGlow,268
Humidifier,Home & Furniture,UrbanGlow,454
Electric Car,Sports & Recreation,UrbanGlow,895
Flashlight,Home & Furniture,LuxeAura,789
Golf Clubs,Home Appliances,EtherealEdge,259
Router,Electronics,VelvetVista,426
Laptop,Toys & Games,UrbanGlow,829
Puzzle,Home Appliances,VelvetVista,200
Golf Clubs,Home & Furniture,VelvetVista,775
Mattress,Sports & Recreation,LuxeAura,581
Bicycle,Outdoor & Garden,LuxeAura,705
Puzzle,Sports & Recreation,VelvetVista,510
Bicycle,Kitchen & Dining,EtherealEdge,123
Wi-Fi Extender,Pets,ZenithStyle,394
Bird Feeder,Kitchen & Dining,UrbanGlow,609
Electric Toothbrush,Home & Furniture,LuxeAura,672
Volleyball,Kitchen & Dining,EtherealEdge,539
Lawn Sprinkler,Sports & Recreation,LuxeAura,753
Laptop,Kitchen & Dining,EtherealEdge,638
Surfboard,Electronics,VelvetVista,346
Fishing Rod,Arts & Crafts,VelvetVista,167
Power Bank,Home & Furniture,ZenithStyle,891
Coffee Maker,Sports & Recreation,UrbanGlow,854
Electric Scooter,Home Appliances,ZenithStyle,898
Tarp,Pets,ZenithStyle,479
Printer,Health & Fitness,LuxeAura,402
Ski Goggles,Health & Fitness,ZenithStyle,621
Kayak,Home & Furniture,EtherealEdge,740
Dog Leash,Electronics,VelvetVista,367
Smartwatch,Toys & Games,UrbanGlow,202
Bed,Arts & Crafts,VelvetVista,988
Backpack,Arts & Crafts,VelvetVista,916
BBQ Grill,Health & Fitness,VelvetVista,991
Puzzle,Home Appliances,VelvetVista,449
Speaker,Toys & Games,ZenithStyle,581
Glasses,Home Appliances,ZenithStyle,215
Dog House,Electronics,ZenithStyle,902
Backpacking Stove,Electronics,EtherealEdge,249
Patio Furniture,Pets,LuxeAura,243
Treadmill,Electronics,UrbanGlow,590
Volleyball,Outdoor & Garden,LuxeAura,232
Pet Carrier,Arts & Crafts,EtherealEdge,908
Snorkel Gear,Outdoor & Garden,VelvetVista,877
Patio Furniture,Health & Fitness,ZenithStyle,477
Antivirus,Outdoor & Garden,UrbanGlow,894
Pet Feeder,Toys & Games,VelvetVista,469
Hair Dryer,Toys & Games,ZenithStyle,120
Router,Sports & Recreation,ZenithStyle,321
Telescope,Home & Furniture,EtherealEdge,894
Bird Cage,Home & Furniture,ZenithStyle,115
Coffee Maker,Electronics,LuxeAura,231
Humidifier,Arts & Crafts,EtherealEdge,246
Electric Kettle,Home & Furniture,ZenithStyle,427
Life Jacket,Toys & Games,LuxeAura,211
Sleeping Pad,Kitchen & Dining,VelvetVista,273
Dog House,Pets,LuxeAura,238
Outdoor Umbrella,Toys & Games,UrbanGlow,282
Wi-Fi Extender,Home Appliances,EtherealEdge,371
Sleeping Pad,Arts & Crafts,LuxeAura,1000
Hiking Backpack,Kitchen & Dining,VelvetVista,349
Sled,Pets,ZenithStyle,544
Electric Scooter,Kitchen & Dining,EtherealEdge,255
Hair Dryer,Electronics,LuxeAura,420
Helmet,Toys & Games,UrbanGlow,541
Soccer Ball,Home & Furniture,VelvetVista,827
Home Security Camera,Kitchen & Dining,ZenithStyle,617
Suitcase,Arts & Crafts,VelvetVista,747
Air Purifier,Arts & Crafts,ZenithStyle,540
3D Printer,Pets,UrbanGlow,592
Toothpaste,Pets,VelvetVista,339
Camping Chair,Electronics,UrbanGlow,366
Snowboard,Home Appliances,EtherealEdge,924
Basketball,Arts & Crafts,LuxeAura,988
Art Supplies,Home & Furniture,UrbanGlow,261
Trekking Poles,Kitchen & Dining,VelvetVista,811
Art Supplies,Electronics,UrbanGlow,409
Suitcase,Arts & Crafts,ZenithStyle,810
Doll,Kitchen & Dining,ZenithStyle,329
Laser Printer,Pets,EtherealEdge,134
Memory Card,Health & Fitness,ZenithStyle,284
Projector,Outdoor & Garden,UrbanGlow,998
Golf Clubs,Home Appliances,EtherealEdge,995
Cooler,Health & Fitness,EtherealEdge,389
Humidifier,Toys & Games,ZenithStyle,598
Pet Carrier,Health & Fitness,UrbanGlow,590
Surfboard,Kitchen & Dining,UrbanGlow,324
Sheets,Home Appliances,LuxeAura,194
Bluetooth Speaker,Health & Fitness,UrbanGlow,388
Tarp,Health & Fitness,LuxeAura,938
Stove,Electronics,VelvetVista,618
Washing Machine,Arts & Crafts,UrbanGlow,621
Backpacking Stove,Electronics,EtherealEdge,360
Smartwatch,Kitchen & Dining,LuxeAura,456
Mattress,Outdoor & Garden,EtherealEdge,603
Backpacking Stove,Sports & Recreation,ZenithStyle,201
Patio Furniture,Kitchen & Dining,UrbanGlow,355
Binoculars,Home Appliances,LuxeAura,538
Blender,Electronics,EtherealEdge,773
Suitcase,Pets,LuxeAura,272
Dart Board,Arts & Crafts,LuxeAura,759
Ski Poles,Arts & Crafts,VelvetVista,499
Paddleboard,Toys & Games,ZenithStyle,449
Cat Tree,Kitchen & Dining,VelvetVista,152
Printer,Toys & Games,UrbanGlow,315
Baseball Glove,Health & Fitness,LuxeAura,857
Blender,Sports & Recreation,EtherealEdge,487
Robot Vacuum,Kitchen & Dining,LuxeAura,283
Helmet,Arts & Crafts,ZenithStyle,319
Camera,Kitchen & Dining,LuxeAura,379
Suitcase,Sports & Recreation,EtherealEdge,460
Snorkel Gear,Pets,ZenithStyle,178
Router,Home & Furniture,LuxeAura,988
Hiking Backpack,Sports & Recreation,LuxeAura,706
Bicycle,Outdoor & Garden,EtherealEdge,649
Water Bottle,Arts & Crafts,VelvetVista,152
Drone,Outdoor & Garden,UrbanGlow,441
Paddleboard,Health & Fitness,ZenithStyle,333
Sled,Toys & Games,EtherealEdge,352
Elliptical,Home & Furniture,LuxeAura,894
Snorkel Gear,Pets,LuxeAura,795
Craft Kit,Outdoor & Garden,VelvetVista,458
Mattress,Electronics,UrbanGlow,634
Keyboard,Toys & Games,VelvetVista,860
Telescope,Toys & Games,UrbanGlow,289
Bluetooth Speaker,Home Appliances,ZenithStyle,603
Portable Charger,Pets,EtherealEdge,640
Action Figure,Outdoor & Garden,UrbanGlow,232
Sheets,Health & Fitness,EtherealEdge,334
Cat Litter Box,Outdoor & Garden,VelvetVista,253
Snow Shovel,Kitchen & Dining,ZenithStyle,144
Dumbbells,Home & Furniture,UrbanGlow,490
Garden Hose,Health & Fitness,EtherealEdge,263
Microwave,Kitchen & Dining,EtherealEdge,985
3D Printer,Home & Furniture,EtherealEdge,646
Fire Pit,Home Appliances,UrbanGlow,892
Craft Kit,Home Appliances,UrbanGlow,508
Suitcase,Pets,ZenithStyle,718
Snow Shovel,Sports & Recreation,UrbanGlow,106
Bird Cage,Sports & Recreation,LuxeAura,253
Hiking Boots,Toys & Games,LuxeAura,440
Backpack,Home Appliances,LuxeAura,129
Hiking Backpack,Arts & Crafts,UrbanGlow,766
Hiking Boots,Kitchen & Dining,ZenithStyle,879
Rain Jacket,Kitchen & Dining,EtherealEdge,579
Sewing Machine,Toys & Games,VelvetVista,955
Power Bank,Toys & Games,EtherealEdge,790
Kayak,Home Appliances,ZenithStyle,568
Antivirus,Outdoor & Garden,ZenithStyle,506
Bird Cage,Health & Fitness,ZenithStyle,193
Snow Shovel,Home Appliances,UrbanGlow,566
Humidifier,Home & Furniture,LuxeAura,620
Art Supplies,Home & Furniture,VelvetVista,719
Surfboard,Sports & Recreation,VelvetVista,771
Robot Vacuum,Health & Fitness,ZenithStyle,734
Fish Food,Pets,LuxeAura,842
Printer,Home Appliances,LuxeAura,622
Laptop,Kitchen & Dining,EtherealEdge,463
Pet Toy,Sports & Recreation,UrbanGlow,936
Soap,Kitchen & Dining,UrbanGlow,344
BBQ Grill,Kitchen & Dining,EtherealEdge,197
Dishwasher,Home Appliances,ZenithStyle,278
Dog House,Home & Furniture,EtherealEdge,574
Electric Scooter,Pets,LuxeAura,620
Laser Printer,Electronics,ZenithStyle,610
Tablet,Pets,UrbanGlow,554
Electric Scooter,Kitchen & Dining,UrbanGlow,682
Sleeping Pad,Outdoor & Garden,VelvetVista,676
Ping Pong Table,Sports & Recreation,VelvetVista,624
Memory Card,Outdoor & Garden,UrbanGlow,902
Pet Feeder,Kitchen & Dining,VelvetVista,678
Elliptical,Electronics,ZenithStyle,803
Ski Goggles,Home Appliances,EtherealEdge,349
Refrigerator,Sports & Recreation,VelvetVista,242
Supplement,Pets,VelvetVista,885
Toy Car,Arts & Crafts,LuxeAura,752
Sheets,Toys & Games,VelvetVista,894
Lawn Sprinkler,Home Appliances,VelvetVista,920
Garden Tools,Pets,EtherealEdge,887
Binoculars,Home & Furniture,ZenithStyle,830
Puzzle,Health & Fitness,LuxeAura,393
Bluetooth Speaker,Electronics,ZenithStyle,755
Water Bottle,Home & Furniture,UrbanGlow,397
Smart Light,Home & Furniture,VelvetVista,950
Ice Skates,Electronics,EtherealEdge,873
Oven,Electronics,EtherealEdge,430
Coffee Maker,Pets,VelvetVista,686
Cat Tree,Toys & Games,ZenithStyle,501
Router,Kitchen & Dining,VelvetVista,745
Water Bottle,Kitchen & Dining,ZenithStyle,579
Board Game,Home & Furniture,EtherealEdge,226
Jacket,Pets,ZenithStyle,137
Electric Toothbrush,Pets,VelvetVista,365
Hammock,Outdoor & Garden,ZenithStyle,504
Supplement,Home Appliances,EtherealEdge,430
Showerhead,Home Appliances,VelvetVista,147
Pet Toy,Home Appliances,ZenithStyle,969
Stove,Toys & Games,VelvetVista,419
Pillow,Home & Furniture,UrbanGlow,727
Wi-Fi Extender,Home Appliances,UrbanGlow,445
Power Bank,Pets,VelvetVista,571
Dog Collar,Electronics,UrbanGlow,737
Refrigerator,Sports & Recreation,VelvetVista,448
Fan,Home & Furniture,ZenithStyle,165
Air Conditioner,Pets,VelvetVista,381
Dishwasher,Sports & Recreation,ZenithStyle,388
Flashlight,Toys & Games,EtherealEdge,479
Bird Cage,Arts & Crafts,UrbanGlow,826
Water Filter,Arts & Crafts,ZenithStyle,146
Dehumidifier,Health & Fitness,EtherealEdge,504
Soccer Ball,Toys & Games,UrbanGlow,639
Electric Shaver,Outdoor & Garden,LuxeAura,412
Garden Hose,Electronics,EtherealEdge,246
Flashlight,Home & Furniture,LuxeAura,115
Drone,Kitchen & Dining,UrbanGlow,232
Stove,Kitchen & Dining,VelvetVista,436
Toothpaste,Pets,EtherealEdge,935
External SSD,Home Appliances,LuxeAura,792
Bird Cage,Home Appliances,VelvetVista,264
Sled,Home Appliances,VelvetVista,145
Water Filter,Home & Furniture,VelvetVista,316
Water Filter,Home Appliances,UrbanGlow,514
External SSD,Arts & Crafts,EtherealEdge,368
Tennis Racket,Home & Furniture,ZenithStyle,194
Puzzle,Electronics,LuxeAura,829
Bird Feeder,Sports & Recreation,ZenithStyle,516
Suitcase,Arts & Crafts,ZenithStyle,531
Tablet,Outdoor & Garden,LuxeAura,900
Wi-Fi Extender,Health & Fitness,ZenithStyle,278
Mattress,Home & Furniture,VelvetVista,301
Volleyball,Home Appliances,UrbanGlow,974
Soccer Ball,Pets,ZenithStyle,330
Microwave,Electronics,LuxeAura,240
Juicer,Health & Fitness,UrbanGlow,888
Juicer,Home Appliances,LuxeAura,656
Fire Pit,Health & Fitness,EtherealEdge,966
Backpacking Stove,Arts & Crafts,VelvetVista,565
Sleeping Pad,Sports & Recreation,LuxeAura,290
Oven,Kitchen & Dining,LuxeAura,916
Sleeping Pad,Kitchen & Dining,UrbanGlow,776
Cat Tree,Outdoor & Garden,LuxeAura,287
Lawn Sprinkler,Home Appliances,VelvetVista,129
Pet Feeder,Home & Furniture,VelvetVista,494
Grill,Health & Fitness,VelvetVista,319
Dumbbells,Electronics,VelvetVista,314
Lamp,Kitchen & Dining,LuxeAura,823
Smart Doorbell,Outdoor & Garden,EtherealEdge,718
Fish Food,Outdoor & Garden,UrbanGlow,472
Baseball Glove,Health & Fitness,UrbanGlow,427
Doll,Home Appliances,VelvetVista,835
Ping Pong Table,Outdoor & Garden,VelvetVista,820
Tackle Box,Pets,UrbanGlow,644
Backpack,Toys & Games,LuxeAura,568
Cat Tree,Outdoor & Garden,UrbanGlow,612
Garden Tools,Sports & Recreation,VelvetVista,991
Trekking Poles,Health & Fitness,EtherealEdge,113
VR Headset,Pets,LuxeAura,950
Portable Hard Drive,Sports & Recreation,ZenithStyle,290
Drone,Outdoor & Garden,LuxeAura,365
Washing Machine,Home Appliances,EtherealEdge,857
Tent,Pets,VelvetVista,693
Elliptical,Arts & Crafts,EtherealEdge,458
Camping Chair,Home Appliances,ZenithStyle,519
Tent,Sports & Recreation,LuxeAura,566
Golf Clubs,Outdoor & Garden,LuxeAura,371
Garden Tools,Kitchen & Dining,VelvetVista,831
Electric Car,Health & Fitness,EtherealEdge,993
Trekking Poles,Home Appliances,EtherealEdge,164
Juicer,Health & Fitness,LuxeAura,307
Projector,Home & Furniture,VelvetVista,165
Suitcase,Pets,VelvetVista,323
Rain Jacket,Home & Furniture,EtherealEdge,373
Elliptical,Sports & Recreation,LuxeAura,146
Ski Goggles,Kitchen & Dining,UrbanGlow,770
Sheets,Health & Fitness,EtherealEdge,521
Electric Scooter,Kitchen & Dining,VelvetVista,543
Paddleboard,Arts & Crafts,ZenithStyle,109
Showerhead,Electronics,UrbanGlow,965
Telescope,Toys & Games,EtherealEdge,373
Printer,Sports & Recreation,EtherealEdge,451
Wi-Fi Extender,Health & Fitness,LuxeAura,922
Drone,Home Appliances,VelvetVista,334
Dog Leash,Arts & Crafts,LuxeAura,566
Jacket,Home & Furniture,VelvetVista,625
Game Console,Kitchen & Dining,EtherealEdge,418
Air Conditioner,Arts & Crafts,EtherealEdge,664
Fishing Rod,Home & Furniture,LuxeAura,165
Electric Kettle,Kitchen & Dining,UrbanGlow,867
Tent,Outdoor & Garden,UrbanGlow,522
Electric Toothbrush,Health & Fitness,UrbanGlow,671
Smart Light,Toys & Games,EtherealEdge,470
Glasses,Health & Fitness,ZenithStyle,599
Fish Food,Sports & Recreation,LuxeAura,504
Dog Leash,Arts & Crafts,LuxeAura,373
VR Headset,Kitchen & Dining,EtherealEdge,847
3D Printer,Toys & Games,EtherealEdge,625
Electric Shaver,Sports & Recreation,ZenithStyle,226
Smart Light,Sports & Recreation,ZenithStyle,448
Wi-Fi Extender,Health & Fitness,ZenithStyle,252
Tent,Sports & Recreation,VelvetVista,943
Grill,Sports & Recreation,UrbanGlow,772
Smartphone,Electronics,VelvetVista,170
Treadmill,Sports & Recreation,EtherealEdge,797
Dishwasher,Arts & Crafts,ZenithStyle,530
Grill,Electronics,LuxeAura,843
Printer,Arts & Crafts,UrbanGlow,696
Fishing Rod,Home Appliances,ZenithStyle,943
Drone,Home & Furniture,UrbanGlow,605
Flashlight,Pets,EtherealEdge,938
Electric Scooter,Arts & Crafts,VelvetVista,381
Humidifier,Home & Furniture,EtherealEdge,423
Sewing Machine,Electronics,VelvetVista,254
Water Filter,Home Appliances,EtherealEdge,327
Game Console,Toys & Games,EtherealEdge,121
Craft Kit,Outdoor & Garden,UrbanGlow,433
Projector,Health & Fitness,LuxeAura,964
Printer,Toys & Games,ZenithStyle,746
Monitor,Kitchen & Dining,ZenithStyle,570
Showerhead,Kitchen & Dining,VelvetVista,981
Water Filter,Sports & Recreation,UrbanGlow,381
Pet Carrier,Home Appliances,EtherealEdge,857
Camping Tent,Health & Fitness,EtherealEdge,218
BBQ Grill,Arts & Crafts,UrbanGlow,129
Headphones,Outdoor & Garden,ZenithStyle,127
Dehumidifier,Electronics,VelvetVista,104
Tennis Racket,Pets,ZenithStyle,690
Juicer,Home Appliances,EtherealEdge,565
Backpack,Outdoor & Garden,LuxeAura,767
Helmet,Arts & Crafts,EtherealEdge,489
Juicer,Pets,EtherealEdge,337
Power Bank,Home & Furniture,EtherealEdge,285
Dart Board,Home & Furniture,EtherealEdge,798
Surfboard,Pets,VelvetVista,790
External SSD,Sports & Recreation,ZenithStyle,580
Garden Hose,Arts & Crafts,EtherealEdge,843
Tent,Home & Furniture,VelvetVista,973
Life Jacket,Outdoor & Garden,LuxeAura,169
Showerhead,Electronics,EtherealEdge,605
Electric Toothbrush,Sports & Recreation,UrbanGlow,624
Electric Car,Kitchen & Dining,EtherealEdge,929
Laptop,Pets,VelvetVista,832
Smart Light,Pets,EtherealEdge,772
Stove,Kitchen & Dining,ZenithStyle,652
Dishwasher,Health & Fitness,VelvetVista,232
Smartwatch,Kitchen & Dining,ZenithStyle,203
3D Printer,Outdoor & Garden,ZenithStyle,842
Humidifier,Pets,LuxeAura,328
Projector,Pets,EtherealEdge,817
Oven,Pets,UrbanGlow,404
Board Game,Arts & Crafts,ZenithStyle,641
Keyboard,Toys & Games,VelvetVista,991
Sleeping Pad,Toys & Games,VelvetVista,432
Garden Tools,Sports & Recreation,ZenithStyle,402
Plant Pot,Sports & Recreation,EtherealEdge,679
Cat Litter Box,Electronics,LuxeAura,983
Toy Car,Arts & Crafts,VelvetVista,326
Portable Hard Drive,Health & Fitness,VelvetVista,893
Ski Goggles,Home Appliances,EtherealEdge,864
Refrigerator,Pets,VelvetVista,616
Sheets,Kitchen & Dining,UrbanGlow,882
Lawn Sprinkler,Outdoor & Garden,UrbanGlow,658
Printer,Home & Furniture,LuxeAura,369
Fire Pit,Electronics,EtherealEdge,199
Action Figure,Home & Furniture,UrbanGlow,365
Lamp,Electronics,UrbanGlow,385
Home Security Camera,Outdoor & Garden,ZenithStyle,792
Telescope,Kitchen & Dining,UrbanGlow,719
Trekking Poles,Home & Furniture,UrbanGlow,986
Drone,Home Appliances,EtherealEdge,966
Robot Vacuum,Health & Fitness,LuxeAura,835
Yoga Mat,Toys & Games,VelvetVista,567
Fitness Tracker,Health & Fitness,EtherealEdge,521
Dog Leash,Outdoor & Garden,VelvetVista,595
Stove,Toys & Games,VelvetVista,641
Air Purifier,Electronics,UrbanGlow,825
Projector,Home Appliances,LuxeAura,229
Humidifier,Toys & Games,ZenithStyle,902
BBQ Grill,Home Appliances,EtherealEdge,332
Dishwasher,Electronics,VelvetVista,959
Cat Tree,Electronics,UrbanGlow,496
Tent,Arts & Crafts,VelvetVista,314
Power Bank,Electronics,LuxeAura,460
Dart Board,Health & Fitness,UrbanGlow,677
Board Game,Arts & Crafts,EtherealEdge,440
Flashlight,Health & Fitness,UrbanGlow,409
Tarp,Kitchen & Dining,LuxeAura,811
Bluetooth Speaker,Sports & Recreation,ZenithStyle,585
Pet Feeder,Sports & Recreation,LuxeAura,497
Basketball,Health & Fitness,ZenithStyle,853
Camping Tent,Pets,EtherealEdge,866
Cooler,Kitchen & Dining,ZenithStyle,330
Surfboard,Outdoor & Garden,ZenithStyle,746
Ski Poles,Health & Fitness,EtherealEdge,655
Blender,Sports & Recreation,UrbanGlow,740
Flashlight,Electronics,EtherealEdge,747
Headphones,Arts & Crafts,ZenithStyle,487
